Rank,ETF,HB,Primary Category,Secondary Category,18m,12m,12-1,6m,3m,1m,1d,Transition State,HIL Summary
1,EWY,,International,South Korea Equity,2.4109382623997813,1.3290791991572628,1.3046135461187363,0.4858954556540118,-0.014663072776280317,0.01061594603560767,-0.02308925708177445,MIXED_TRANSITION,Positive long and 1m momentum with mixed middle horizons; 1d down.
2,FTXL,HB,Growth & Technology,Semiconductors,2.344520742963464,1.2819048783966265,0.9988848993999737,0.7180686393400766,-0.050416073168903064,0.14158893245009252,0.00328712871287129,MIXED_TRANSITION,Positive long and 1m momentum with mixed middle horizons; 1d up.
3,BDRY,HB,Transportation & Trade,Dry Bulk Freight Futures,1.2877358490566038,0.8725868725868728,0.9909909909909911,0.4593781344032095,0.20746887966804972,-0.05946994182288301,0.006224066390041472,CORRECTION,Established trend; positive 3m but negative 1m; 1d up.
4,AIS,HB,Growth & Technology,AI Infrastructure,2.4338235294117645,1.1385231825987407,0.9481969089868345,0.7828680505845862,-0.060007548119260234,0.09769355075657415,-0.006647168306301521,MIXED_TRANSITION,Positive long and 1m momentum with mixed middle horizons; 1d down.
5,SOXX,,Growth & Technology,Semiconductors,2.036460579092561,1.121248465976608,0.9051325028620865,0.7321304383445242,-0.0511725964089772,0.1134388095262926,0.002114761032003365,MIXED_TRANSITION,Positive long and 1m momentum with mixed middle horizons; 1d up.
6,PSI,HB,Growth & Technology,Semiconductors,2.201849403116122,1.201502814100739,0.9033390237735908,0.6156355394856119,-0.1257955392466028,0.1566530116825975,0.009133628962869844,MIXED_TRANSITION,Positive long and 1m momentum with mixed middle horizons; 1d up.
7,SOXQ,HB,Growth & Technology,Semiconductors,1.967289008059093,1.006945002056658,0.8308581883269406,0.6676216724589761,-0.05347693049222346,0.09617719977024963,0.00020124773596297274,MIXED_TRANSITION,Positive long and 1m momentum with mixed middle horizons; 1d up.
8,EWT,HB,International,Taiwan Equity,1.4694042945928736,0.8720182689734748,0.7912677909406951,0.5919345741680768,0.0682183744914373,0.045080070350828505,-0.01060380334764699,REACCELERATING,"Positive trend cooled, then strengthened into 1m; 1d down."
9,SMH,HB,Growth & Technology,Semiconductors,1.879271195636882,0.8933086973051634,0.7304965848620248,0.5884194053208138,-0.018470167295232653,0.09408404146380911,0.0034602076124568004,MIXED_TRANSITION,Positive long and 1m momentum with mixed middle horizons; 1d up.
10,BOAT,HB,Transportation & Trade,Global Shipping,1.133543740141747,0.7380144918900775,0.6550251502029583,0.2926932525659798,0.3550782285865819,0.05014385532264698,0.010880316518298905,STEADY_POSITIVE,"Positive across long, 6m, 3m, and 1m horizons; 1d up."
11,OIH,HB,Natural Resources,Oil Services,0.4728244236078085,0.45478978040144513,0.6501484735911731,-0.0639271665718314,0.050823450995639785,-0.11838855491868217,-0.004970283490243532,CORRECTION,Established trend; positive 3m but negative 1m; 1d down.
12,XBI,,Defensive Equity,Biotech,0.876956730515577,0.5931282763405314,0.6418274030018793,0.23569076864851257,0.007218141168955583,-0.029661538461538406,0.0055481155538550375,CORRECTION,Established trend; positive 3m but negative 1m; 1d up.
13,COPX,HB,Natural Resources,Copper Miners,1.1859582869088867,0.4685225318464179,0.6100000272403583,0.11313463369785559,0.12498339752955223,-0.08787421925479211,-0.009124941506785222,CORRECTION,Established trend; positive 3m but negative 1m; 1d down.
14,EPU,HB,International,Peru Equity,1.0570307257167086,0.48957585631424183,0.537085150503009,0.11751689370344409,0.07213629772837127,-0.03090869375273042,-0.009599285634557475,CORRECTION,Established trend; positive 3m but negative 1m; 1d down.
15,PICK,HB,Natural Resources,Global Metals & Mining,0.7281022283257996,0.3796407300575937,0.5002097331513526,0.06844944766382777,0.046604992145226065,-0.08036809815950918,0.00016680567139282232,CORRECTION,Established trend; positive 3m but negative 1m; 1d up.
16,IBB,HB,Defensive Equity,Biotechnology,0.6200566390173192,0.4813052079377591,0.4708126887610369,0.24708872676817162,0.10741279987252295,0.007133824216298379,-0.0024166034874905096,COOLING,Positive trend losing velocity into 1m; 1d down.
17,XLE,,Natural Resources,Energy,0.3914367519229369,0.4009630202996757,0.44839225870044985,0.017168070597232132,0.17147431153390613,-0.03274612807122379,-0.0006499837504062578,CORRECTION,Established trend; positive 3m but negative 1m; 1d down.
18,VDE,HB,Natural Resources,Energy,0.39914412336779037,0.39028580897658594,0.44619140539007507,0.007677459168839551,0.15988187827337708,-0.03865712118404552,0.00017428687619824856,CORRECTION,Established trend; positive 3m but negative 1m; 1d up.
19,XOP,HB,Natural Resources,Oil & Gas E&P,0.41769028315324164,0.3706427619769139,0.4385103872866034,-0.004963426787034875,0.17102465359451346,-0.04717909992829805,0.003918714661591105,CORRECTION,Established trend; positive 3m but negative 1m; 1d up.
20,DBC,,Inflation & Real Assets,Broad Commodity Futures,0.5055322744599486,0.476912584644281,0.43030210084672027,0.11640759930915379,0.22192816635160684,0.03258785942492004,0.010000000000000009,STEADY_POSITIVE,"Positive across long, 6m, 3m, and 1m horizons; 1d up."
21,SLV,,Natural Resources,Silver Bullion,0.7583870967741935,0.2825882352941176,0.4148235294117648,-0.20002935133548583,0.017357222844344822,-0.09346416098453358,-0.017483777937995604,CORRECTION,Established trend; positive 3m but negative 1m; 1d down.
22,DXJ,HB,International,Japan Hedged Equity,0.6660734232568131,0.41362209291713303,0.4056339244565852,0.1466814953979283,0.027829308152968357,0.0056829650462768555,0.013073729098866727,COOLING,Positive trend losing velocity into 1m; 1d up.
23,SIL,,Natural Resources,Silver Miners,1.2081454265468117,0.2259660328220383,0.39615594599370607,-0.0438652354412814,0.11426350563544507,-0.1218989280245023,-0.013307330503613546,CORRECTION,Established trend; positive 3m but negative 1m; 1d down.
24,QTEC,HB,Growth & Technology,Technology,0.8895499238178413,0.4355052149020018,0.3779509161090364,0.5268278113120548,0.011131554737810578,0.04176803260560491,0.003866528648846179,REACCELERATING,"Positive trend cooled, then strengthened into 1m; 1d up."
25,LIT,HB,Natural Resources,Lithium & Battery,0.7562906785697452,0.21948150240260245,0.3611780523017649,-0.0758020947356387,-0.1224830062844684,-0.10409846798481082,-0.0017508024511234677,FAST_REVERSAL,Established trend; 3m and 1m now negative; 1d down.
26,XLK,,Growth & Technology,Technology,0.912331087170297,0.4036815908766853,0.3357929379071969,0.4763891274989107,0.055804568735827065,0.05082273685010685,0.006426735218509005,REACCELERATING,"Positive trend cooled, then strengthened into 1m; 1d up."
27,CALF,HB,Broad Equity & Factors,Small Cap Cash Flow,0.45092239235108833,0.2277563807014491,0.32243503413148167,0.19245732025303086,0.04695662524791211,-0.07159418117821836,-0.0029940119760478723,CORRECTION,Established trend; positive 3m but negative 1m; 1d down.
28,SCHD,,Broad Equity & Factors,Dividend,0.24464850212901923,0.2424746264817863,0.3220686218999913,0.07726932563404953,0.029496993242781322,-0.060204133204385224,-0.009741248097412503,CORRECTION,Established trend; positive 3m but negative 1m; 1d down.
29,ARGT,HB,International,Argentina Equity,0.048243878334658374,0.20227638889156574,0.31904423961125006,-0.07317108023241736,-0.05411041598068256,-0.08852459016393432,0.000812913715015684,FAST_REVERSAL,Established trend; 3m and 1m now negative; 1d up.
30,FTEC,HB,Growth & Technology,Technology,0.8703226663258874,0.36276175209133044,0.304496292878361,0.44539832996337836,0.07294773828591272,0.0446651014119841,0.0066425120772948265,REACCELERATING,"Positive trend cooled, then strengthened into 1m; 1d up."
31,VGT,,Growth & Technology,Technology,0.8628629438683226,0.3587189983881176,0.3011989877367829,0.4442338517640205,0.07333484888167985,0.04420539148388136,0.006567881457749447,REACCELERATING,"Positive trend cooled, then strengthened into 1m; 1d up."
32,IYW,HB,Growth & Technology,Technology,0.8869956981817093,0.36049645349848247,0.2902938003415756,0.4608624556395178,0.06513246078768864,0.05440826975865676,0.005923900660742776,REACCELERATING,"Positive trend cooled, then strengthened into 1m; 1d up."
33,VHT,HB,Defensive Equity,Health Care,0.2315830440612885,0.2647026221903872,0.27635297783156476,0.16819550131413297,0.05384741147325678,-0.009127847737677386,-0.011601363394727948,CORRECTION,Established trend; positive 3m but negative 1m; 1d down.
34,COWZ,,Broad Equity & Factors,Large Cap Cash Flow,0.2651777730986793,0.18748490810544305,0.2748200813656785,0.07539484994531365,0.06994719314346964,-0.06850784242955743,-0.0022418173666117758,CORRECTION,Established trend; positive 3m but negative 1m; 1d down.
35,XLV,,Defensive Equity,Health Care,0.19594950404913658,0.2600026283547594,0.2709987189757592,0.15824425354110594,0.0597002285490329,-0.008651535565559865,-0.013530135301353052,CORRECTION,Established trend; positive 3m but negative 1m; 1d down.
36,XME,HB,Natural Resources,Metals & Mining,0.8394817106618959,0.1113842281236932,0.26689489477770434,-0.03989907780798441,-0.006998770883796301,-0.1227494619285665,-0.003272377285851835,FAST_REVERSAL,Established trend; 3m and 1m now negative; 1d down.
37,VEA,,International,Developed Markets,0.43268260242591716,0.21393827393130693,0.25055927022797375,0.11044350691081184,0.0060351276914585306,-0.029283695038293533,-0.008007867378477251,CORRECTION,Established trend; positive 3m but negative 1m; 1d down.
38,HEFA,,International,Developed ex-US Currency-Hedged,0.34768173671507085,0.22726045378348547,0.24948288924755357,0.10793716691350541,0.009158303684334124,-0.017785305949608254,-0.005786540934419104,CORRECTION,Established trend; positive 3m but negative 1m; 1d down.
39,FNDX,,Broad Equity & Factors,Fundamental Large Cap,0.3796422225926679,0.21690019967514784,0.24742245743634328,0.1385455713401642,0.015355786124518378,-0.024468260595471247,-0.00537294563843238,CORRECTION,Established trend; positive 3m but negative 1m; 1d down.
40,EWJ,,International,Japan Equity,0.4804801808149197,0.2626499434863441,0.24218014140643018,0.16046336942055062,0.04739387426114994,0.01647893199833117,0.00984353952958239,REACCELERATING,"Positive trend cooled, then strengthened into 1m; 1d up."
41,DRIV,HB,Growth & Technology,Autonomous & Electric Vehicles,0.5666029301429247,0.18790609559856764,0.23963227575163493,0.08572018757304178,-0.1255949233209942,-0.04172703564184288,-0.002413273001508287,FAST_REVERSAL,Established trend; 3m and 1m now negative; 1d down.
42,SCHA,,Broad Equity & Factors,Small Cap Blend,0.4151391828402331,0.18455003245687274,0.23638273437490165,0.12868272288315197,-0.08119273192577503,-0.04192286132516643,-0.004272200183094266,FAST_REVERSAL,Established trend; 3m and 1m now negative; 1d down.
43,SPMO,,Broad Equity & Factors,Momentum Factor,0.664024990839202,0.26636238512050503,0.22684977560200892,0.35634863836118225,-0.022487401106332183,0.03220655886667756,0.0021818181818182847,MIXED_TRANSITION,Positive long and 1m momentum with mixed middle horizons; 1d up.
44,IWM,,Broad Equity & Factors,Small Cap Blend,0.4081193077559848,0.16167141825078324,0.22565538170983146,0.126000831924995,-0.06927130966091954,-0.05220387754491673,-0.004121716067524428,FAST_REVERSAL,Established trend; 3m and 1m now negative; 1d down.
45,XHE,HB,Defensive Equity,Health Equipment,0.10933951430886779,0.16351390816165678,0.21840631917281095,0.1595092024539877,0.059565522074281674,-0.045052631578947344,-0.006570302233902647,CORRECTION,Established trend; positive 3m but negative 1m; 1d down.
46,EWZ,,International,Brazil Equity,0.5272691983858169,0.2559631980136805,0.21482829595793063,-0.020458032310866847,0.0898186073727325,0.033860671662503394,0.021387441732931167,MIXED_TRANSITION,Positive long and 1m momentum with mixed middle horizons; 1d up.
47,QQQM,,Growth & Technology,Nasdaq-100,0.5897262597216502,0.2419748896278704,0.20213924123112226,0.28488511071601996,0.021270166587643802,0.033137299765667816,0.0026659645196327464,REACCELERATING,"Positive trend cooled, then strengthened into 1m; 1d up."
48,QQQ,,Growth & Technology,Nasdaq-100,0.5885680980357915,0.24137047839963333,0.20150658360702867,0.2844428083960777,0.021196248485649605,0.03317825747814851,0.0024934614394320764,REACCELERATING,"Positive trend cooled, then strengthened into 1m; 1d up."
49,IWO,HB,Broad Equity & Factors,Russell 2000 Growth,0.39543743247999785,0.12116156039019188,0.18294390628149237,0.13994382099939928,-0.08642113414657016,-0.052227620906818095,-0.0011754169931714742,FAST_REVERSAL,Established trend; 3m and 1m now negative; 1d down.
50,MTUM,HB,Broad Equity & Factors,Momentum Factor,0.5976087256565139,0.24972480954573628,0.1804754697400297,0.32643477518999164,-0.030844883280646496,0.05866224379991314,0.001293661060801865,MIXED_TRANSITION,Positive long and 1m momentum with mixed middle horizons; 1d up.
51,VBK,,Broad Equity & Factors,Small Growth,0.34523590127878556,0.13722026588377934,0.17794542811210823,0.11985877859467897,-0.0667610922491717,-0.03457304664240601,-0.0016253915716059053,FAST_REVERSAL,Established trend; 3m and 1m now negative; 1d down.
52,ONEQ,,Broad Equity & Factors,Nasdaq Composite,0.5657743021370145,0.19736754892734543,0.1740437807483428,0.2495806851629383,0.03329334308047138,0.019866182642810593,0.002842524161455362,REACCELERATING,"Positive trend cooled, then strengthened into 1m; 1d up."
53,RSP,,Broad Equity & Factors,Equal Weight,0.24057759208513008,0.11704613175420864,0.1736899921991104,0.09217687533724406,-0.02159253224755786,-0.04826134739273846,-0.0070644391408114515,FAST_REVERSAL,Established trend; 3m and 1m now negative; 1d down.
54,PAVE,,Industrials,U.S. Infrastructure Development,0.4113629705453148,0.12056502448663076,0.16752203503654672,0.035073076175104134,-0.0898058252427184,-0.040219378427788,-0.007749007749007664,FAST_REVERSAL,Established trend; 3m and 1m now negative; 1d down.
55,IVV,,Broad Equity & Factors,S&P 500,0.3968158062173466,0.16208194310276713,0.16625353856203717,0.17886411513420963,0.02520772550901773,-0.003576919873198081,-0.0022800708776318235,CORRECTION,Established trend; positive 3m but negative 1m; 1d down.
56,VOO,,Broad Equity & Factors,S&P 500,0.3961548611845347,0.16193832266600583,0.16562235103798195,0.17932942267889174,0.02509572216757805,-0.003160567716203655,-0.0022777097628334797,CORRECTION,Established trend; positive 3m but negative 1m; 1d down.
57,SPY,,Broad Equity & Factors,S&P 500,0.39496726565020013,0.16126156485105736,0.16532795346705553,0.17837220209643334,0.024958963283802094,-0.0034894800248288504,-0.0022507197068830642,CORRECTION,Established trend; positive 3m but negative 1m; 1d down.
58,QCLN,HB,Growth & Technology,Clean Energy,0.6794467333253187,0.14753254649215175,0.1627473969117701,0.03873466752743715,-0.19091518605430768,-0.013085258638315111,-0.0065857172257666186,FAST_REVERSAL,Established trend; 3m and 1m now negative; 1d down.
59,IAU,,Natural Resources,Gold Bullion,0.3435403406158608,0.08231707317073167,0.16006097560975596,-0.1141107078039928,0.02817272248551861,-0.06701708278580809,-0.005348955680081535,CORRECTION,Established trend; positive 3m but negative 1m; 1d down.
60,QUAL,,Broad Equity & Factors,Quality Factor,0.32845763998755184,0.15990149495768424,0.15938844307147537,0.16321134391357228,0.017583560834840695,0.0004425194069122007,-0.004434887783899888,COOLING,Positive trend losing velocity into 1m; 1d down.
61,GLD,,Natural Resources,Gold Bullion,0.3407026684503274,0.0805197752936504,0.15876978947965736,-0.11492249413186462,0.027630868861305835,-0.06752852455805303,-0.005354018125310223,CORRECTION,Established trend; positive 3m but negative 1m; 1d down.
62,OEF,HB,Broad Equity & Factors,S&P 100,0.43870880585276506,0.16358076364770602,0.15485448241757238,0.2060890290672135,0.046413223399003556,0.007556173840938207,0.0005761273765254593,COOLING,Positive trend losing velocity into 1m; 1d up.
63,XLI,,Industrials,Industrials,0.3069743432383356,0.10348770497571724,0.15424482607583534,0.03778342246689936,-0.08688490994498632,-0.04397431112832495,-0.012712114941169528,FAST_REVERSAL,Established trend; 3m and 1m now negative; 1d down.
64,KBE,HB,Financials & Credit,Banks,0.24825578728722464,0.08147416626464654,0.1534635560781623,0.07337213938459275,-0.08362822365291023,-0.06241149920530076,-0.009556634811217268,FAST_REVERSAL,Established trend; 3m and 1m now negative; 1d down.
65,VWO,,International,Emerging Markets,0.349689098075042,0.12464335309182428,0.14540380491502214,0.10071603718963518,0.0034291861615205477,-0.018125006861434367,-0.005199597450519899,CORRECTION,Established trend; positive 3m but negative 1m; 1d down.
66,XMMO,HB,Broad Equity & Factors,Mid Cap Momentum,0.3113927517315982,0.09526383121248405,0.13507660984300873,0.015107356829468621,-0.11447777997018427,-0.0350749705220611,-0.0014969041300946229,FAST_REVERSAL,Established trend; 3m and 1m now negative; 1d down.
67,AIRR,,Industrials,U.S. Industrial Renaissance,0.5150191869848673,0.08062094188897517,0.13274698112383665,-0.0680628272251309,-0.2019171304885592,-0.04601737201995937,-0.00644788759503423,FAST_REVERSAL,Established trend; 3m and 1m now negative; 1d down.
68,SCHG,,Broad Equity & Factors,Large Growth,0.44494264882276124,0.13539920683456907,0.12571916664275817,0.23596676263356908,0.054430942460807596,0.008598983191056009,0.000556947925369089,COOLING,Positive trend losing velocity into 1m; 1d up.
69,MGK,,Broad Equity & Factors,Mega Cap Growth,0.5087262039828244,0.16010245475778828,0.1256687607417719,0.2619724467626938,0.053918780571038605,0.03058954393770863,0.0023801795953695137,REACCELERATING,"Positive trend cooled, then strengthened into 1m; 1d up."
70,EDEN,HB,International,Denmark Equity,0.07923045479460789,0.03726753585165765,0.11388065148704896,0.06174390333542901,-0.01850521020481488,-0.06878036307849644,-0.007449127906976716,FAST_REVERSAL,Established trend; 3m and 1m now negative; 1d down.
71,ITA,,Industrials,Aerospace & Defense,0.3618375801946119,0.011003119465888833,0.11301886653267634,-0.051127847481595046,-0.1494293018460925,-0.09165679947959116,-0.010129001433349272,FAST_REVERSAL,Established trend; 3m and 1m now negative; 1d down.
72,XAR,HB,Industrials,Aerospace & Defense,0.433073967614902,0.0015409308606297856,0.11192611183285739,-0.09006745956717632,-0.1895960291536144,-0.09927384544488549,-0.009564247726882802,FAST_REVERSAL,Established trend; 3m and 1m now negative; 1d down.
73,ARKQ,HB,Growth & Technology,Autonomy & Robotics,0.811914234750807,0.1003017002853297,0.11164501678311645,0.0782570031124945,-0.07045384851272618,-0.010204081632653073,0.0002474839135455653,FAST_REVERSAL,Established trend; 3m and 1m now negative; 1d up.
74,SPGP,HB,Broad Equity & Factors,GARP Factor,0.2156151600085916,0.05439213568393919,0.11161228363349318,0.10782483347320371,-0.036567776362657844,-0.05147491512285207,-0.006355577855828742,FAST_REVERSAL,Established trend; 3m and 1m now negative; 1d down.
75,VUG,,Broad Equity & Factors,Large Growth,0.4689620909678658,0.13584248303069346,0.11115804580593291,0.2403885331640907,0.04677103823520046,0.02221505511113553,0.0018901489882143796,REACCELERATING,"Positive trend cooled, then strengthened into 1m; 1d up."
76,XLP,,Defensive Equity,Consumer Staples,0.04405144485843948,0.06019639203271843,0.110506467246404,-0.003500666075180736,-0.02604936433481697,-0.045303721047598944,-0.01527183872938298,FAST_REVERSAL,Established trend; 3m and 1m now negative; 1d down.
77,IAK,HB,Financials & Credit,Insurance,0.028962314352347196,0.04661615886637138,0.1073580420021607,0.06353570407831666,-0.05254918361408545,-0.05485297512804865,-0.017038863109048674,FAST_REVERSAL,Established trend; 3m and 1m now negative; 1d down.
78,IGF,,Industrials,Infrastructure,0.1842899582759534,0.04155467360949827,0.10212591681160998,-0.06826319049490825,-0.06429548563611498,-0.0549585508136321,-0.004849660523763344,FAST_REVERSAL,Established trend; 3m and 1m now negative; 1d down.
79,PPA,HB,Industrials,Aerospace & Defense,0.3358486420025879,0.01714957199981315,0.09785438580498451,-0.06333536721749555,-0.1264297642242882,-0.0735114008275295,-0.008464794151596733,FAST_REVERSAL,Established trend; 3m and 1m now negative; 1d down.
80,VNQ,,Inflation & Real Assets,U.S. Equity REITs,0.05708722206718719,0.021639139456689493,0.08981019668126855,0.028232493594857466,-0.06623246656057813,-0.06255314680682589,-0.009941455870982052,FAST_REVERSAL,Established trend; 3m and 1m now negative; 1d down.
81,VFH,,Financials & Credit,Financials,0.13000770232934222,0.0034080889332359643,0.08363484277610844,0.08739021757102505,-0.02847756330714657,-0.07403485996938197,-0.011474164133738585,FAST_REVERSAL,Established trend; 3m and 1m now negative; 1d down.
82,XLF,,Financials & Credit,Financials,0.10925985059482413,0.0016949696959476235,0.0791297524368284,0.08885097992975122,-0.02210806056001502,-0.0717566933596464,-0.011664506572856781,FAST_REVERSAL,Established trend; 3m and 1m now negative; 1d down.
83,EUO,HB,Currency,2x Inverse Euro,-0.018926466025442013,0.1256674973300107,0.06336774652901389,0.06824324324324316,0.022308438409311293,0.058587211248744664,0.0031725888324873885,REACCELERATING,"Positive trend cooled, then strengthened into 1m; 1d up."
84,VONG,,Broad Equity & Factors,Large Growth,0.40079166234194386,0.0798377533358614,0.05738886437702684,0.1782045086973898,0.02001994287506914,0.021230494962759527,-0.0006975662687955797,REACCELERATING,"Positive trend cooled, then strengthened into 1m; 1d down."
85,UUP,HB,Currency,US Dollar Index Bullish,0.043583565579552674,0.08034013776039295,0.055932035934037394,0.0356371490280778,0.00982800982800991,0.023115220483641563,0.0006956521739129862,REACCELERATING,"Positive trend cooled, then strengthened into 1m; 1d up."
86,IWF,,Broad Equity & Factors,Russell 1000 Growth,0.39737778881134833,0.07785092825102757,0.05495923847055595,0.1771398838861964,0.019124493923320385,0.02169912253070483,-0.00031923383878684763,REACCELERATING,"Positive trend cooled, then strengthened into 1m; 1d down."
87,HYG,,Financials & Credit,High Yield Corporate Bonds,0.07026376235833487,0.008490421957722205,0.036768937852731165,0.00012133894108878884,-0.019851299825883184,-0.027275620307044557,-0.001938986556359934,FAST_REVERSAL,Established trend; 3m and 1m now negative; 1d down.
88,USDU,HB,Currency,Bloomberg Dollar Bullish,0.028565296023712827,0.06170704282300887,0.036512659900994615,0.024306874287884472,0.006718924972004547,0.024306874287884472,0.001485332343111656,REACCELERATING,"Positive trend cooled, then strengthened into 1m; 1d up."
89,VOT,HB,Broad Equity & Factors,Mid Growth,0.2077791770993076,0.002276149161818841,0.03499268453568671,0.13801792204173413,-0.03763257098081396,-0.03161040253008651,-0.00838510371049317,FAST_REVERSAL,Established trend; 3m and 1m now negative; 1d down.
90,BOTZ,,Growth & Technology,Robotics & AI,0.2257913602395305,0.009116753929343524,0.028021580996995255,0.06103608982070918,-0.07435627955859181,-0.01838952354416279,-0.00028376844494903963,FAST_REVERSAL,Established trend; 3m and 1m now negative; 1d down.
91,SHY,,Rates & Duration,1-3 Year Treasury,0.03805470428663815,0.01505118628080715,0.02062642620358557,0.0011255074308698099,-0.0017994427664239643,-0.005462566693982818,0.0004928536224741986,FAST_REVERSAL,Established trend; 3m and 1m now negative; 1d up.
92,TIP,HB,Inflation & Real Assets,TIPS,0.006460238837157739,-0.02210424486987206,0.004025610947714808,-0.025027902724890194,-0.031123135749928088,-0.02602508893465627,0.00028843380444198985,FAST_REVERSAL,Established trend; 3m and 1m now negative; 1d up.
93,XRT,HB,Consumer,Retail,0.21383749097743077,-0.04529426765176503,-0.001378120367875546,0.02511747423346211,-0.06291437112664522,-0.04397675254228106,-0.004001455074572502,BROAD_WEAKNESS,Long and 1m momentum negative; 1d down.
94,FXE,,Currency,Euro Currency,0.05860480234907173,-0.026513287496162774,-0.0021458599651077437,-0.01610849492836519,-0.0022621475801645197,-0.024419829064599496,-0.0010510223581119416,BROAD_WEAKNESS,Long and 1m momentum negative; 1d down.
95,IEF,,Rates & Duration,7-10 Year Treasury,-0.005662519201970473,-0.039055502090401206,-0.00449598148358088,-0.04623427409837544,-0.04469010474523338,-0.034715601307490185,-0.0027948574622693734,BROAD_WEAKNESS,Long and 1m momentum negative; 1d down.
96,LQD,,Financials & Credit,Investment Grade Corporate Bonds,0.00885369673179004,-0.0412744159387195,-0.007628010509960648,-0.03988908042723782,-0.04985096807410516,-0.03390503337971984,-0.0022458744263254005,BROAD_WEAKNESS,Long and 1m momentum negative; 1d down.
97,XLU,,Defensive Equity,Utilities,0.05466722973047222,-0.06811670498078504,-0.009478152216855773,-0.12870571437071054,-0.11257543089368471,-0.05919965611578015,-0.006799294887937624,BROAD_WEAKNESS,Long and 1m momentum negative; 1d down.
98,VCR,HB,Consumer,Consumer Discretionary,0.1312229644769014,-0.0794954274797397,-0.014209157737601785,0.01981447647763379,-0.08325570180497299,-0.0662273039505068,-0.00246184145741013,BROAD_WEAKNESS,Long and 1m momentum negative; 1d down.
99,IWP,,Broad Equity & Factors,Russell Midcap Growth,0.17709214018595953,-0.03451365380139226,-0.016133444495888938,0.07707424302584398,-0.04901353883709281,-0.018681607991122062,-0.0030412744388124135,BROAD_WEAKNESS,Long and 1m momentum negative; 1d down.
100,TLT,,Rates & Duration,20+ Year Treasury,-0.07722736359396487,-0.09245135139576588,-0.04081981960418568,-0.08178508362552073,-0.08334232389184626,-0.05382881427999697,-0.0057522689505304925,BROAD_WEAKNESS,Long and 1m momentum negative; 1d down.
101,INDA,HB,International,India Equity,-0.08970358814352575,-0.10506134969325143,-0.04716257668711643,-0.003415883859948843,-0.05141231457020934,-0.060764587525151015,-0.0055389859394971985,BROAD_WEAKNESS,Long and 1m momentum negative; 1d down.
102,IPAY,HB,Growth & Technology,Digital Payments,-0.12396601537494722,-0.1961384232193666,-0.10911710732327817,0.08130841121495336,-0.025889286466007078,-0.09767985962175862,-0.014480408858603022,BROAD_WEAKNESS,Long and 1m momentum negative; 1d down.
103,ROBO,HB,Growth & Technology,Robotics,,,,,,,,INSUFFICIENT_DATA,Insufficient history for transition assessment.
