Rank,ETF,HB,Primary Category,Secondary Category,18m,12m,12-1,6m,1m
1,PSI,HB,Growth & Technology,Semiconductors,120.4%,121.5%,215.7%,41.7%,-29.8%
2,FTXL,HB,Growth & Technology,Semiconductors,149.9%,127.7%,194.6%,44.8%,-22.7%
3,AIS,HB,Transportation & Trade,Marine Shipping,177.4%,128.6%,187.5%,59.2%,-20.5%
4,EWY,,International,South Korea Equity,233.9%,147.5%,177.3%,47.2%,-10.7%
5,SOXX,,Growth & Technology,Semiconductors,133.2%,111.9%,166.9%,46.9%,-20.6%
6,SOXQ,HB,Growth & Technology,Semiconductors,128.6%,104.3%,153.7%,43.3%,-19.5%
7,SMH,HB,Growth & Technology,Semiconductors,127.0%,91.5%,127.1%,37.1%,-15.7%
8,LIT,HB,Natural Resources,Lithium & Battery,87.9%,85.6%,91.0%,8.7%,-2.8%
9,EWT,HB,International,Taiwan Equity,109.7%,84.9%,86.1%,58.5%,-0.7%
10,XBI,,Defensive Equity,Biotech,75.2%,89.6%,84.7%,30.2%,2.6%
11,COPX,HB,Natural Resources,Copper Miners,147.3%,119.3%,78.8%,11.3%,22.7%
12,QCLN,HB,Growth & Technology,Clean Energy,45.8%,38.5%,73.8%,-0.8%,-20.3%
13,EPU,HB,International,Peru Equity,129.1%,89.7%,71.6%,6.6%,10.5%
14,SIL,,Natural Resources,Silver Miners,186.6%,109.4%,63.6%,5.1%,28.0%
15,DRIV,HB,Growth & Technology,Autonomous/EV,49.2%,44.0%,60.6%,7.6%,-10.3%
16,SLV,,Natural Resources,Silver,110.5%,80.1%,60.5%,-20.4%,12.2%
17,BDRY,HB,Transportation & Trade,Dry Bulk Freight,169.0%,109.7%,60.4%,34.6%,30.7%
18,QTEC,HB,Growth & Technology,Technology,58.9%,47.5%,56.2%,34.2%,-5.5%
19,AIRR,,Industrials,U.S. Industrials,38.0%,25.6%,52.8%,-0.7%,-17.8%
20,OIH,HB,Natural Resources,Oil Services,51.0%,71.6%,52.6%,20.1%,12.4%
21,PICK,HB,Natural Resources,Metals & Mining,86.4%,71.3%,51.5%,12.8%,13.1%
22,XME,HB,Natural Resources,Metals & Mining,100.2%,61.9%,45.8%,0.0%,11.0%
23,DXJ,HB,International,Japan Hedged Equity,63.1%,50.9%,45.4%,17.9%,3.8%
24,XLK,,Growth & Technology,Technology,60.9%,41.3%,45.0%,29.1%,-2.5%
25,IBB,HB,Defensive Equity,Biotechnology,50.7%,57.4%,43.3%,21.2%,9.9%
26,MTUM,HB,Broad Equity & Factors,Momentum Factor,36.8%,24.2%,42.1%,17.1%,-12.6%
27,SCHA,,Broad Equity & Factors,Small Cap Blend,28.2%,33.0%,40.3%,14.0%,-5.2%
28,SPMO,,Broad Equity & Factors,Momentum Factor,46.7%,26.9%,39.6%,22.4%,-9.1%
29,IYW,HB,Growth & Technology,Technology,57.3%,38.5%,39.1%,26.6%,-0.4%
30,FTEC,HB,Growth & Technology,Technology,56.2%,39.3%,38.8%,28.5%,0.4%
31,VGT,,Growth & Technology,Technology,55.8%,39.1%,38.5%,28.4%,0.5%
32,ROBO,HB,Growth & Technology,Robotics,36.4%,29.4%,37.4%,11.4%,-5.9%
33,ARKQ,HB,Growth & Technology,Autonomy & Robotics,49.2%,26.0%,36.2%,-1.3%,-7.5%
34,IWO,HB,Broad Equity & Factors,Small Growth,27.6%,30.6%,35.8%,12.7%,-3.8%
35,XAR,HB,Industrials,Aerospace & Defense,49.2%,20.9%,31.1%,-4.1%,-7.8%
36,XMMO,HB,Broad Equity & Factors,Mid Cap Momentum,17.3%,17.4%,30.5%,9.2%,-10.0%
37,QQQ,,Growth & Technology,Nasdaq-100,37.2%,26.8%,30.3%,15.2%,-2.7%
38,QQQM,,Growth & Technology,Nasdaq-100,37.2%,26.8%,30.3%,15.2%,-2.6%
39,VBK,,Broad Equity & Factors,Small Growth,20.6%,24.6%,29.5%,12.5%,-3.8%
40,PAVE,,Industrials,Infrastructure,30.8%,21.1%,29.0%,9.0%,-6.1%
41,VEA,,International,Developed Markets,46.3%,30.0%,26.7%,10.4%,2.5%
42,BOAT,HB,Transportation & Trade,Shipping,77.1%,62.9%,26.1%,36.8%,29.2%
43,CALF,HB,Broad Equity & Factors,Small Cap Value,31.1%,43.9%,25.9%,27.5%,14.3%
44,FNDX,,Broad Equity & Factors,Fundamental Equity,32.0%,31.6%,25.9%,14.6%,4.5%
45,ONEQ,,Broad Equity & Factors,Nasdaq Composite,34.8%,25.1%,24.1%,12.7%,0.8%
46,HEFA,,International,Developed ex-US Hedged,29.9%,24.9%,24.0%,10.4%,0.7%
47,VHT,HB,Defensive Equity,Health Care,18.5%,32.9%,23.8%,11.7%,7.3%
48,ITA,,Industrials,Aerospace & Defense,48.7%,18.4%,23.3%,0.2%,-4.0%
49,VDE,HB,Natural Resources,Energy,42.8%,44.2%,22.6%,22.8%,17.6%
50,XLI,,Industrials,Industrials,28.0%,16.5%,21.9%,7.1%,-4.4%
51,XLE,,Natural Resources,Energy,43.0%,43.7%,21.8%,22.8%,18.0%
52,IAU,,Natural Resources,Gold,58.5%,35.2%,21.8%,-8.1%,11.0%
53,GLD,,Natural Resources,Gold,58.1%,35.0%,21.6%,-8.1%,11.0%
54,KBE,HB,Financials & Credit,Banks,16.3%,21.8%,21.3%,7.7%,0.4%
55,PPA,HB,Industrials,Aerospace & Defense,41.0%,16.4%,21.0%,-2.6%,-3.8%
56,XOP,HB,Natural Resources,Oil & Gas E&P,38.6%,45.1%,20.4%,32.6%,20.5%
57,VWO,,International,Emerging Markets,36.9%,22.1%,19.9%,7.7%,1.8%
58,SCHD,,Broad Equity & Factors,Dividend,25.4%,31.7%,19.7%,17.0%,10.1%
59,DBC,,Inflation & Real Assets,Broad Commodities,40.1%,37.1%,18.8%,26.0%,15.5%
60,VOO,,Broad Equity & Factors,S&P 500,27.8%,21.7%,18.2%,11.2%,3.0%
61,SPY,,Broad Equity & Factors,S&P 500,27.8%,21.7%,18.1%,11.2%,3.0%
62,IVV,,Broad Equity & Factors,US Large Blend,27.8%,21.8%,18.0%,11.2%,3.2%
63,OEF,HB,Broad Equity & Factors,S&P 100,29.3%,21.5%,16.7%,10.9%,4.1%
64,RSP,,Broad Equity & Factors,Equal Weight,21.8%,20.2%,15.9%,11.4%,3.7%
65,MGK,,Broad Equity & Factors,Mega Cap Growth,29.4%,18.4%,15.5%,11.0%,2.5%
66,VUG,,Broad Equity & Factors,Large Growth,27.0%,16.7%,13.6%,10.3%,2.8%
67,BOTZ,,Growth & Technology,Robotics & AI,7.7%,6.8%,13.4%,-4.2%,-5.8%
68,IWF,,Broad Equity & Factors,Large Growth,20.0%,11.5%,12.8%,5.4%,-1.1%
69,IGF,,Industrials,Infrastructure,22.1%,10.0%,12.7%,0.9%,-2.5%
70,VONG,,Broad Equity & Factors,Large Growth,20.0%,11.4%,12.7%,5.3%,-1.1%
71,SPGP,HB,Broad Equity & Factors,GARP Factor,17.1%,16.4%,12.3%,10.1%,3.7%
72,SCHG,,Broad Equity & Factors,Large Growth,25.8%,18.4%,12.0%,11.8%,5.7%
73,XRT,HB,Consumer,Retail,8.3%,10.7%,11.8%,0.6%,-1.0%
74,COWZ,,Broad Equity & Factors,Cash Flow Factor,24.7%,30.1%,11.8%,16.3%,16.4%
75,XHE,HB,Defensive Equity,Health Equipment,0.4%,24.6%,10.5%,9.7%,12.7%
76,ARGT,HB,International,Argentina Equity,8.5%,13.4%,10.4%,-4.5%,2.7%
77,IAK,HB,Financials & Credit,Insurance,12.6%,13.8%,10.3%,9.1%,3.2%
78,VCR,HB,Consumer,Consumer Discretionary,0.9%,6.6%,7.3%,-1.3%,-0.7%
79,EDEN,HB,International,Denmark Equity,11.3%,13.5%,6.1%,-3.2%,7.0%
80,XLU,,Defensive Equity,Utilities,9.7%,-0.3%,5.8%,-1.2%,-5.8%
81,VOT,HB,Broad Equity & Factors,Mid Growth,12.1%,4.1%,5.2%,9.4%,-1.1%
82,EUO,HB,Currency,Inverse Euro,-14.0%,2.2%,4.2%,7.4%,-1.9%
83,XLP,,Defensive Equity,Consumer Staples,8.2%,7.1%,4.1%,2.3%,2.9%
84,IWP,,Broad Equity & Factors,Mid Growth,4.6%,-0.4%,3.5%,3.9%,-3.8%
85,VFH,,Financials & Credit,Financials,12.8%,11.1%,3.0%,8.5%,7.9%
86,XLF,,Financials & Credit,Financials,12.9%,10.9%,2.4%,8.7%,8.4%
87,UUP,HB,Currency,US Dollar Basket,-4.5%,1.0%,1.8%,5.0%,-0.8%
88,USDU,HB,Currency,US Dollar Basket,-4.7%,-0.9%,0.5%,3.4%,-1.4%
89,TIP,HB,Inflation & Real Assets,TIPS,-1.0%,-2.5%,-0.2%,-3.2%,-2.3%
90,IEF,,Rates & Duration,Intermediate Treasury,-0.2%,-2.2%,-0.3%,-3.2%,-1.8%
91,SHY,,Rates & Duration,Short Treasury,-0.5%,-0.8%,-0.5%,-1.3%,-0.3%
92,HYG,,Financials & Credit,High Yield Credit,0.0%,-0.8%,-0.5%,-1.7%,-0.3%
93,TLT,,Rates & Duration,Long Treasury,-5.6%,-4.6%,-0.6%,-4.9%,-4.1%
94,INDA,HB,International,India Equity,-2.8%,-5.9%,-6.2%,-4.2%,0.3%
95,IPAY,HB,Growth & Technology,Digital Payments,-15.4%,-11.2%,-20.9%,6.6%,12.3%
