Rank,ETF,Role,Axis,Expression,18m,12m,12-1,6m,3m,1m,1d,12-1 Positive,Official Signal Month,Official 12-1,Official Rank,Official Selected,Official Target Weight,Official Status
4,SPY,Risky,U.S. Equity,S&P 500 broad equity,0.36945666546833156,0.16672453200874537,0.17210714589506337,0.21491506313915232,0.02550580886256415,-0.004592254134077156,-0.002207390185603675,True,2026-08,0.17092829730643233,3,True,0.35041966726284024,SELECTED
2,QQQ,Risky,U.S. Equity,Nasdaq-100 growth / technology,0.5418102475555946,0.24314091985703623,0.2065152422462757,0.32368982730978435,0.00241498055722289,0.03035658094345428,0.0011947917939527652,True,2026-08,0.2119626877906462,2,True,0.36661274318671716,SELECTED
8,TLT,Risky,Nominal Duration,20+ Year U.S. Treasury,-0.06037184476057866,-0.0809993967103747,-0.02872477595945966,-0.07872779495425297,-0.08555841547757359,-0.05382060558844559,-0.0063597049096921765,False,2026-08,-0.01073106390225198,8,False,0.0,NON_POSITIVE
3,GLD,Risky,Precious Metals,Gold bullion,0.35344185551654417,0.10062294514621906,0.17924092980331086,-0.07947802595397746,0.035968293609859314,-0.06666829709701871,0.009843613558783826,True,2026-08,0.16810764925959698,4,False,0.0,POSITIVE_NOT_SELECTED
6,HYG,Risky,Credit / Risk Appetite,High-yield corporate credit,0.06961137220877167,0.011409233435189181,0.03764809232944444,0.010815761326504747,-0.018844330631956452,-0.025286856968387728,-0.0030951766830024097,True,2026-08,0.03697999132467844,6,False,0.0,POSITIVE_NOT_SELECTED
1,XLE,Risky,Energy,U.S. energy equities,0.3868717257014338,0.3770878938932962,0.3931780903400066,0.0071482596707987955,0.16656175336954848,-0.011549274682308264,-0.008212560386473444,True,2026-08,0.35852986234901874,1,True,0.2829675895504425,SELECTED
7,TIP,Risky,Inflation-Linked Duration,U.S. inflation-protected Treasuries,0.012065833586875963,-0.020401506025302663,0.006420049434663566,-0.024470926732899523,-0.032464317375149654,-0.026650458200860205,0.0,True,2026-08,0.008776631788367073,7,False,0.0,POSITIVE_NOT_SELECTED
5,UUP,Risky,USD / Currency,U.S. dollar bullish basket,0.041394414432379456,0.07761689042670139,0.05588470000780399,0.027877055039313925,0.012319605772615372,0.02058197303051812,0.002090592334494934,True,2026-08,0.06437978603290229,5,False,0.0,POSITIVE_NOT_SELECTED
,SHY,Reserve,Reserve,1-3 Year U.S. Treasury reserve,0.03955766334074218,0.015043274273697671,0.020995685894108496,0.0016046062584789134,-0.0025582835632712575,-0.005830006632396412,0.0007397361607692776,,2026-08,,,False,0.0,RESERVE_UNUSED
