Rank,ETF,HB,Primary Category,Secondary Category,18m,12m,12-1,6m,3m,1m,1d
1,EWY,,International,South Korea Equity,2.335419460987433,1.519187642256516,1.4330348368836354,0.3187467440648952,-0.16791885800150275,0.0354096061703868,0.00796359499431154
2,FTXL,HB,Growth & Technology,Semiconductors,1.6782159244201855,1.2198886355083824,1.4171435070814695,0.41804068246653014,-0.22729390980983477,-0.08160660341233039,-0.007540576578233593
3,PSI,HB,Growth & Technology,Semiconductors,1.443153892162519,1.0523303602662488,1.3779661303628798,0.3105288964394104,-0.22538831422955574,-0.13693877551020406,-0.008285781286641147
4,AIS,HB,Transportation & Trade,Marine Shipping,1.8445975032285835,1.2019326891036322,1.3272242585804732,0.4903022101939556,-0.1997093375317912,-0.05383734249713634,-0.005717724947336689
5,SOXX,,Growth & Technology,Semiconductors,1.4819694841985998,1.0488442881505429,1.2432985228046807,0.45151496160218696,-0.19528786687600808,-0.08668228177274495,-0.01019367991845066
6,SOXQ,HB,Growth & Technology,Semiconductors,1.4653976378072877,1.005801090864574,1.180001049549638,0.4185923031552927,-0.19455863928320127,-0.07990819945754224,-0.007874015748031482
7,SMH,HB,Growth & Technology,Semiconductors,1.447707363972409,0.9054147944864905,1.0158523096345218,0.3634928589325981,-0.14693525630976645,-0.05478452693196245,-0.0019258281060857696
8,EWT,HB,International,Taiwan Equity,1.2646476731620209,0.9603538670008971,0.841615521563986,0.519128734990226,0.017773620205799645,0.0644751002837296,-0.008565700747220628
9,BDRY,HB,Transportation & Trade,Dry Bulk Freight,1.6764227642276421,1.0523690773067336,0.7344139650872819,0.38203190596137704,0.3042789223454836,0.18332135154565066,0.04177215189873418
10,COPX,HB,Natural Resources,Copper Miners,1.4913404926277383,0.8650522496875344,0.7198697678003514,0.03663241737497058,0.01262621292311561,0.08441481128705797,0.020618556701031077
11,EPU,HB,International,Peru Equity,1.3548402430445816,0.7231536663553493,0.6447102092677597,0.06270809296757651,0.12232403401898018,0.04769439421338162,0.020026408450704247
12,XBI,,Defensive Equity,Biotech,0.9379590766115058,0.7858064524679051,0.6427126400631422,0.30732541646749456,0.27298833880973294,0.08710824335001321,0.010465116279069875
13,OIH,HB,Natural Resources,Oil Services,0.6991696339400699,0.6832939005095919,0.566193805217065,0.099783419878402,-0.022610268540420253,0.0747673084278977,-0.012673350824587648
14,PICK,HB,Natural Resources,Metals & Mining,0.9153229220467776,0.6363414502372797,0.5517507049189849,0.07361549199235418,-0.01942912540769204,0.054513102555807214,0.01668746101060492
15,LIT,HB,Natural Resources,Lithium & Battery,0.8480729076004281,0.5960529595432538,0.5422703419551942,0.04735615072502086,-0.12197837377538334,0.03487236713628117,-0.006960246285637739
16,QTEC,HB,Growth & Technology,Technology,0.6348244366103697,0.4459339472036188,0.5180241978289608,0.3520662397524912,-0.08550182185092314,-0.04748952666791717,-0.010875917148236991
17,BOAT,HB,Transportation & Trade,Shipping,1.0718987077306545,0.6823362521049703,0.5092959518884592,0.20340037221049045,0.241098858849623,0.1146496815286624,0.007194244604316502
18,SLV,,Natural Resources,Silver,1.056,0.5911170928667564,0.4492597577388966,-0.21542341385718078,-0.10723455671348736,0.0978826151560177,0.02054558011049723
19,XLK,,Growth & Technology,Technology,0.6854416689013056,0.4138475412780702,0.44634978360630195,0.3096773850571988,-0.06783952874160826,-0.022471910112359605,-0.005118710520583769
20,IYW,HB,Growth & Technology,Technology,0.6539152318062351,0.37631257936271756,0.41069674777627463,0.29301093642121967,-0.039281063441440334,-0.024373890751331118,-0.0022989432927320586
21,QCLN,HB,Growth & Technology,Clean Energy,0.6488822377928691,0.28786579532090273,0.40824973729255554,-0.007328228484660637,-0.2987241531016278,-0.08548479632816985,-0.007677941481635142
22,FTEC,HB,Growth & Technology,Technology,0.6539267529013344,0.3847523777698021,0.4037450577010362,0.29694942925296886,-0.04336494281051606,-0.013530006625518731,-0.0027848279751834237
23,VGT,,Growth & Technology,Technology,0.6500926479867792,0.38028614153448337,0.39950531565711556,0.29598855335315855,-0.042522322150813086,-0.013732833957553092,-0.003112644064944936
24,DXJ,HB,International,Japan Hedged Equity,0.6760371147118991,0.43629517165955334,0.39846199533543003,0.10862748137937106,0.043705188642884085,0.027053417576105687,-0.006997278836008203
25,DRIV,HB,Growth & Technology,Autonomous/EV,0.5467528411243796,0.3318501434564265,0.3787268565801516,0.07925011285434724,-0.19511378284058944,-0.03399999999999992,-0.006464883925947684
26,IBB,HB,Defensive Equity,Biotechnology,0.593509634387051,0.5221318533158781,0.3576947739375842,0.233541771188718,0.272895339966692,0.12111490928214574,0.011194383834550958
27,ROBO,HB,Growth & Technology,Robotics,0.42244579667004545,0.2598221447848854,0.3542365497216067,0.042380762588016374,-0.12472110664881753,-0.06971780886886425,-0.005198427792570182
28,AIRR,,Industrials,U.S. Industrials,0.4923155200376177,0.16049746228429562,0.3519481311025898,-0.10688218652543413,-0.18682421995674992,-0.1416109571172346,-0.007072802715956228
29,VDE,HB,Natural Resources,Energy,0.5571369387095066,0.46919066549886224,0.3372831587644558,0.15719678324300967,0.10388000282483767,0.09863842662632383,-0.006131274976733825
30,XLE,,Natural Resources,Energy,0.5386769266495128,0.4692768907322107,0.3332622677259882,0.16354304869600766,0.1063717891203011,0.10201640464798345,-0.0043229890381349945
31,SIL,,Natural Resources,Silver Miners,1.8835334560427812,0.6625556243375015,0.33041692818128765,-0.08490328747342157,0.12407636438236569,0.2496500827077235,0.04157386785449124
32,XME,HB,Natural Resources,Metals & Mining,1.1338632936559576,0.46720313753540843,0.32762189945108333,0.014496093975627122,-0.07195555709908608,0.10513628778045625,0.029627710114882966
33,SPMO,,Broad Equity & Factors,Momentum Factor,0.5067735066529344,0.2684498581282948,0.3191494568881006,0.2139942620993247,-0.061299511099816795,-0.03843355163061435,-0.0012367733956298865
34,CALF,HB,Broad Equity & Factors,Small Cap Value,0.5422710015956773,0.3457197173110236,0.30796311976956425,0.26048091997655876,0.1510016524149791,0.02886671418389164,0.00785477395706069
35,XOP,HB,Natural Resources,Oil & Gas E&P,0.5965486491281249,0.4611339917628601,0.30746247857839193,0.20593347769375137,0.12839266423019557,0.11753416690898533,-0.002905770029057675
36,SCHA,,Broad Equity & Factors,Small Cap Blend,0.4018852880506596,0.2602494444435173,0.30492593878124885,0.11777649752423724,-0.0035981421484074794,-0.034236804564907186,0.0035576638007710493
37,MTUM,HB,Broad Equity & Factors,Momentum Factor,0.38829923728635185,0.22141018782586364,0.30140053165777303,0.17537720266455548,-0.10647982070888096,-0.061464815701292586,-0.0081950627276407
38,XAR,HB,Industrials,Aerospace & Defense,0.5453121453961143,0.15225234278122723,0.30015545350062545,-0.12889913444219336,-0.08559011374412528,-0.11375802048991446,-0.00809395334073948
39,DBC,,Inflation & Real Assets,Broad Commodities,0.5008344859216418,0.45362166259401104,0.29653526364324057,0.21423106350420795,0.047870584351271006,0.12115860120098909,-0.00595051675540248
40,QQQM,,Growth & Technology,Nasdaq-100,0.43106420309951576,0.25451351275127854,0.2863673222269516,0.1591883525169222,-0.05095612743574551,-0.024762607791161906,-0.0025737817433081345
41,ARKQ,HB,Growth & Technology,Autonomy & Robotics,0.7053086207098791,0.22881767714740486,0.2861013719989147,-0.02795436022819886,-0.1408917380969532,-0.044540575182247855,-0.007324178110695079
42,QQQ,,Growth & Technology,Nasdaq-100,0.4309344316293171,0.25418140088748276,0.2859094421059849,0.1586688511899681,-0.05031395536529237,-0.024673620225184822,-0.0023316940817363907
43,FNDX,,Broad Equity & Factors,Fundamental Equity,0.36955988832033526,0.2870441649126694,0.2838721521833716,0.13477566854341894,0.04940774140611204,0.002470660901791266,0.0034003091190109025
44,PAVE,,Industrials,Infrastructure,0.39100145007765397,0.17688485172374446,0.28097202924520515,-0.0067358095485064995,-0.058921640197103886,-0.08125640150221913,-0.0018545994065282123
45,VEA,,International,Developed Markets,0.4673597628419217,0.28123779620335765,0.276994115950959,0.08289355028941636,0.016344363601496603,0.0033231791747436734,0.004853695742615294
46,IWO,HB,Broad Equity & Factors,Small Growth,0.40546921157840043,0.22629121951020448,0.27573049851804954,0.11625324744768561,-0.00861001476495471,-0.038753701557873055,0.005088715974260305
47,HEFA,,International,Developed ex-US Hedged,0.33969641444578036,0.26639755335751625,0.2717910693428549,0.08925721152505939,0.045304713194837865,-0.004240882103477395,0.0010658708164570374
48,ITA,,Industrials,Aerospace & Defense,0.472222136041198,0.13217805278055939,0.26914324208160645,-0.09340327044917529,-0.00503817068072232,-0.10791940953520851,-0.008249800408054675
49,SCHD,,Broad Equity & Factors,Dividend,0.29774964606007304,0.299256184647273,0.26052799800258497,0.12445616289465367,0.0864340667295167,0.030723781388478644,0.002298190175237025
50,ONEQ,,Broad Equity & Factors,Nasdaq Composite,0.4378614081250456,0.23518675888794527,0.25738723983560563,0.14979331456983802,-0.025675664862406355,-0.017656041229242136,0.0007778317938746948
51,XLI,,Industrials,Industrials,0.30345706364738456,0.15638458271982314,0.2540001525334519,-0.018030938727641943,-0.009980428297433397,-0.07784334763948508,-0.004863081109245715
52,PPA,HB,Industrials,Aerospace & Defense,0.42308733448254165,0.10992337070844949,0.2462702524154461,-0.10910113992452186,-0.03749760480569375,-0.10940394464421921,-0.010053294573643345
53,XMMO,HB,Broad Equity & Factors,Mid Cap Momentum,0.28044737652054263,0.15274766806575313,0.2278719265107476,0.01422806216606598,-0.11847651188492281,-0.06118248721466879,-0.002518057120137751
54,VBK,,Broad Equity & Factors,Small Growth,0.3062093855662442,0.18719171191330197,0.22658898063893274,0.08284028370561924,-0.026834961065533514,-0.032119372787051126,-0.0005803325305400175
55,IVV,,Broad Equity & Factors,US Large Blend,0.33061443220146636,0.20589364228401275,0.21857020738099497,0.11994538637617636,0.015238498248279608,-0.010402818828327609,0.001803096622460254
56,VOO,,Broad Equity & Factors,S&P 500,0.3309580626824351,0.2059537473599964,0.2185173768342532,0.12021113251570359,0.014932079440415524,-0.010310587040537222,0.0019849203175872354
57,SPY,,Broad Equity & Factors,S&P 500,0.32990295618683696,0.20534686687092818,0.218043206151729,0.1200010397009772,0.014605985347395212,-0.010423554120804424,0.0019821995851820873
58,VHT,HB,Defensive Equity,Health Care,0.2305331451857311,0.2986403650153284,0.2136427912548644,0.13247651538693472,0.18965899441652967,0.07003508311747941,0.01480145526913157
59,OEF,HB,Broad Equity & Factors,S&P 100,0.3523625492389717,0.2048393740893546,0.21265434234400793,0.13471223224443696,0.014664592814066957,-0.006444514303678206,0.0038910505836575737
60,KBE,HB,Financials & Credit,Banks,0.2445476442114105,0.1476580932643332,0.2053030203232722,0.11035646772175989,0.09963895845012827,-0.047826086956521685,0.014040328603435404
61,ARGT,HB,International,Argentina Equity,0.19311043130081162,0.2341280431721937,0.20196459816791368,0.10051589268641736,0.020140445697218068,0.026759061833688813,0.00890425309029963
62,COWZ,,Broad Equity & Factors,Cash Flow Factor,0.32429215866877925,0.2723952948648507,0.2005423840960121,0.12751079715948088,0.11534779487745173,0.05985037406483795,0.005567153792623625
63,VWO,,International,Emerging Markets,0.4115600107267119,0.21041984256361612,0.19745818032858553,0.09341746298461184,0.007328725120322455,0.010824313072439695,0.0003295978905735186
64,RSP,,Broad Equity & Factors,Equal Weight,0.2552628529695071,0.1852104962974932,0.19640146491083543,0.08409762807685572,0.046666295767711086,-0.00935385733097216,0.002665563674801197
65,MGK,,Broad Equity & Factors,Mega Cap Growth,0.35476348029132043,0.1746047117420475,0.1925416352539404,0.14438187956825432,-0.017536059644343238,-0.015040920150409143,0.00022461814914631617
66,VUG,,Broad Equity & Factors,Large Growth,0.33363151198177476,0.15754513946936566,0.17992787729205695,0.1325792718283929,-0.016114660129028735,-0.018969581322258344,0.0003433672885428951
67,SCHG,,Broad Equity & Factors,Large Growth,0.3357888476438622,0.1710462189238553,0.1783445239709731,0.14275736973247555,0.019220769563151885,-0.006193693693693825,0.0008505812305072968
68,XHE,HB,Defensive Equity,Health Equipment,0.08644211192315909,0.16464788075752756,0.15985256114714508,0.10152343295732069,0.21342557007430174,0.004134421711014635,0.007981270618282466
69,SPGP,HB,Broad Equity & Factors,GARP Factor,0.2397483228173023,0.12780311974663716,0.15655015891556867,0.09782883278221499,0.04162419932796335,-0.024855851644070448,0.00691930163327692
70,IAU,,Natural Resources,Gold,0.5105369250503942,0.23675918979744925,0.15063765941485352,-0.14712881531298494,-0.013877258045220664,0.07484678576085546,0.013275968039336394
71,GLD,,Natural Resources,Gold,0.507647896828372,0.2351423569519948,0.14917534322307202,-0.147626112759644,-0.014024076298820742,0.07480756895445784,0.013610586011342019
72,IGF,,Industrials,Infrastructure,0.2654653205051096,0.1085172005431787,0.14818717971307627,-0.0436609508499769,-0.01697586178557564,-0.034550097641580235,-0.008025929927458098
73,IAK,HB,Financials & Credit,Insurance,0.09092591174013953,0.12069327137116215,0.144848487075399,0.07947031450855313,0.13081636826305876,-0.02109905020352787,0.0032679738562091387
74,VONG,,Broad Equity & Factors,Large Growth,0.26909150585818287,0.1033967283063204,0.13052653733964092,0.07384019052346646,-0.040680063681362566,-0.023997498632064462,0.0004006089255668144
75,IWF,,Broad Equity & Factors,Large Growth,0.2682238815168374,0.10287635216673174,0.12987332542919927,0.07304418170882099,-0.04101042160552082,-0.023893805309734506,0.0009900173253032385
76,BOTZ,,Growth & Technology,Robotics & AI,0.12772159863264165,0.056720873896180635,0.11918267312419584,-0.05635570632389342,-0.1299350746521507,-0.055810191426260425,-0.0036984352773825613
77,XRT,HB,Consumer,Retail,0.21864885908147302,0.034568263523794274,0.10377055379415889,0.012115729884087711,0.040503382332849114,-0.06269626421223595,0.007448789571694592
78,VFH,,Financials & Credit,Financials,0.15877771977787303,0.09617930816011722,0.10185335549016661,0.12970702764843178,0.13954297276210959,-0.005149548532731307,0.010533104041272612
79,XLF,,Financials & Credit,Financials,0.14208767435183733,0.09491829672076713,0.09681327473516799,0.13165929992988912,0.13981524940265455,-0.001727712508638568,0.010139860139860124
80,XLP,,Defensive Equity,Consumer Staples,0.06280986282613599,0.08737247052464592,0.08788219628136673,-0.008654199156339804,0.04578956232590259,-0.00046854867049317406,0.0009384164222874247
81,XLU,,Defensive Equity,Utilities,0.10622030311091235,0.02984352463759543,0.07901182593264466,-0.09741809265038093,-0.030683362637272338,-0.04556789843572884,-0.010808270676691767
82,VOT,HB,Broad Equity & Factors,Mid Growth,0.17215356744141563,0.03577383951086577,0.07657110362803721,0.07038780282207635,-0.02006744862674148,-0.037895559317619565,-0.003842782983887405
83,EUO,HB,Currency,Inverse Euro,-0.12138052062006432,0.05737416402675111,0.06335797254487852,0.030885380919698058,0.014179608372721031,-0.005627275736511117,0.0016672224074691933
84,UUP,HB,Currency,US Dollar Basket,-0.000662708324130179,0.0559241217753339,0.057050240639651806,0.02626778547975195,0.009691313711414296,-0.0010653409090909394,-0.0028358738036158293
85,VCR,HB,Consumer,Consumer Discretionary,0.11582048379954779,0.015257299158194071,0.056228857046259684,0.010305234141998243,-0.009787732086473544,-0.03879041707177222,0.0028089157065203096
86,EDEN,HB,International,Denmark Equity,0.11826618868936944,0.10591861023793636,0.04419292036419109,0.1212582744476014,0.10559510144158923,0.059113300492610765,0.012414383561643927
87,HYG,,Financials & Credit,High Yield Credit,0.08681470151860204,0.04503172583351378,0.04406074666604187,0.01505170385670751,0.008803343036953182,0.0009300025602652084,0.0011378002528446007
88,USDU,HB,Currency,US Dollar Basket,-0.0045687741052199415,0.03769364660046404,0.041630268932028924,0.01658310836868493,0.0026626093571699982,-0.0037792894935753107,-0.0018932222642938923
89,SHY,,Rates & Duration,Short Treasury,0.04671709536350144,0.02338853524157236,0.02333911154842916,0.004237776505672697,0.004807520746793692,4.829649583948381e-05,0.0004902561588429055
90,TIP,HB,Inflation & Real Assets,TIPS,0.034414156231883375,0.011328931939264875,0.012558568687788041,-0.006054699332682545,-0.009237209243750377,-0.0012143858010275066,0.001029866117404632
91,IWP,,Broad Equity & Factors,Mid Growth,0.1102429640734004,-0.029500932010302017,0.0122363994361534,0.008621526896963605,-0.032896557807694404,-0.04123279055140128,-0.005292923433874663
92,IEF,,Rates & Duration,Intermediate Treasury,0.02432450501836292,0.002920998099465333,0.010930612012693075,-0.028318854055722542,-0.00920158515059133,-0.007923010558836707,0.0008686210640609371
93,TLT,,Rates & Duration,Long Treasury,-0.05235241106441324,0.0018485669661372217,0.007635828913300058,-0.05833429798664913,-0.02729585455396011,-0.005743406279433594,0.0019543178209355805
94,INDA,HB,International,India Equity,0.0451882845188285,-0.04565425023877745,-0.034765998089780314,-0.006166699820966848,0.054898648648648685,-0.0112804274688304,0.007664380798709125
95,IPAY,HB,Growth & Technology,Digital Payments,-0.10633515946801853,-0.13995310180942544,-0.1214227377250664,0.09906582663480346,0.16352345906163768,-0.02109133126934981,0.008170585890793225
