Rank,ETF,Role,Axis,Expression,18m,12m,12-1,6m,3m,1m,1d,12-1 Positive,Official Signal Month,Effective Portfolio Month,Official 12-1,Official Rank,Official Selected,Official Target Weight,Official Status,Data As Of,Current As Of,Current Data Mode,Current 21/252 Shadow Selected,Current Shadow Target Weight,Review Baseline Month,Review Baseline Selected,Review Baseline Target Weight,Weekly Review Date,Previous Weekly Review Date,Weekly Shadow Selected,Previous Weekly Shadow Selected,Weekly Shadow Target Weight,Weekly Change,Weekly Persistence,Weekly Observations,Weekly HIL Status,Portfolio Weekly HIL Status,Weekly Candidate Still In Daily Shadow,Weekly 21/252 Score,Weekly Rank,Previous Weekly Rank,Weekly Rank Movement,Weekly Score Change,Weekly 3-4 Gap,Short Horizon Context,HIL Summary,Live Last,Live Previous Close,Live Day %,Live Quote Time,Live Quote Delayed,Live Quote Status
3,SPY,Risky,U.S. Equity,S&P 500 broad equity,0.563711457555754,0.1697342052247972,0.14993210381333477,0.15554098372145386,0.03650339727182228,0.0172202353041504,-0.0024002361729710264,True,2026-09,2026-10,0.1609549765152376,3,True,0.3464512286219292,SELECTED,2026-10-07,2026-10-07,COMPLETED_SESSION,True,0.3450457975031206,2026-10,True,0.3464512286219292,2026-10-02,2026-09-25,True,False,0.34639715986055153,UNCHANGED,UNCHANGED,0,HOLD,HOLD,,0.15416153289284273,3,4,1,-0.014234900570719189,0.0228523735523376,"CONTEXT ONLY; 1m +1.7%, 3m +3.7%, 6m +15.6%. No mechanical gate.",No weekly membership exception; retain monthly authority.,777.78,779.09003,-0.001681487311549823,2026-10-07T23:38:56Z,,OK
2,QQQ,Risky,U.S. Equity,Nasdaq-100 growth / technology,0.8052587248738303,0.2527194335499581,0.1863946547028097,0.25287190988647334,0.04872186398689604,0.05590448219253208,-0.0025406102730167746,True,2026-09,2026-10,0.19822465405427425,2,True,0.3583095431858343,SELECTED,2026-10-07,2026-10-07,COMPLETED_SESSION,True,0.3563369230031548,2026-10,True,0.3583095431858343,2026-10-02,2026-09-25,True,True,0.3542858348897226,UNCHANGED,UNCHANGED,0,HOLD,HOLD,,0.17999259154257063,2,3,1,-0.017739988987770072,0.0228523735523376,"CONTEXT ONLY; 1m +5.6%, 3m +4.9%, 6m +25.3%. No mechanical gate.",No weekly membership exception; retain monthly authority.,759.1,759.65997,-0.0007371324304478177,2026-10-07T23:40:42Z,,OK
8,TLT,Risky,Nominal Duration,20+ Year U.S. Treasury,-0.1110325612180868,-0.08956062724863423,-0.033857253629479334,-0.09160348620863068,-0.07597616370783633,-0.05765542807045243,-0.0016821946169771618,False,2026-09,2026-10,-0.03802929719322601,8,False,0.0,NON_POSITIVE,2026-10-07,2026-10-07,COMPLETED_SESSION,False,0.0,2026-10,False,0.0,2026-10-02,2026-09-25,False,False,0.0,UNCHANGED,UNCHANGED,0,HOLD,HOLD,,-0.0434835449703479,8,8,0,-0.01880289296518045,0.0228523735523376,"CONTEXT ONLY; 1m -5.8%, 3m -7.6%, 6m -9.2%. No mechanical gate.",No weekly membership exception; retain monthly authority.,77.1055,77.28,-0.002258022774327073,2026-10-07T23:40:48Z,,OK
4,GLD,Risky,Precious Metals,Gold bullion,0.34377234377234367,0.03156045886162806,0.09698666227564634,-0.13497341955676245,-0.006081760008461612,-0.0596417492244572,-0.016715933764093416,True,2026-09,2026-10,0.14895771795088186,4,False,0.0,POSITIVE_NOT_SELECTED,2026-10-07,2026-10-07,COMPLETED_SESSION,False,0.0,2026-10,False,0.0,2026-10-02,2026-09-25,False,True,0.0,UNCHANGED,UNCHANGED,0,HOLD,HOLD,,0.13130915934050513,4,2,-2,-0.09588412971926408,0.0228523735523376,"CONTEXT ONLY; 1m -6.0%, 3m -0.6%, 6m -13.5%. No mechanical gate.",No weekly membership exception; retain monthly authority.,376.8,382.26999,-0.014309232069197986,2026-10-07T23:40:12Z,,OK
6,HYG,Risky,Credit / Risk Appetite,High-yield corporate credit,0.09782528509667565,0.012319188878643583,0.033168186862061244,-0.008517142836425129,-0.01784744317092335,-0.02017967476015725,-0.0011647469910701647,True,2026-09,2026-10,0.03715216747213934,6,False,0.0,POSITIVE_NOT_SELECTED,2026-10-07,2026-10-07,COMPLETED_SESSION,False,0.0,2026-10,False,0.0,2026-10-02,2026-09-25,False,False,0.0,UNCHANGED,UNCHANGED,0,HOLD,HOLD,,0.03176146093414167,6,6,0,-0.007071872711390981,0.0228523735523376,"CONTEXT ONLY; 1m -2.0%, 3m -1.8%, 6m -0.9%. No mechanical gate.",No weekly membership exception; retain monthly authority.,77.13,77.27,-0.0018118286527759597,2026-10-07T23:33:13Z,,OK
1,XLE,Risky,Energy,U.S. energy equities,0.6825105122947712,0.45851650243784725,0.4821639680642813,0.10587887335767499,0.16265254008449892,-0.01595468931640398,-0.006117647058823561,True,2026-09,2026-10,0.46395593455968775,1,True,0.2952392281922366,SELECTED,2026-10-07,2026-10-07,COMPLETED_SESSION,True,0.2986172794937245,2026-10,True,0.2952392281922366,2026-10-02,2026-09-25,True,True,0.2993170052497259,UNCHANGED,UNCHANGED,0,HOLD,HOLD,,0.49004903161025926,1,1,0,0.07693005509613382,0.0228523735523376,"CONTEXT ONLY; 1m -1.6%, 3m +16.3%, 6m +10.6%. No mechanical gate.",No weekly membership exception; retain monthly authority.,63.4337,63.75,-0.004961568627451007,2026-10-07T23:40:56Z,,OK
7,TIP,Risky,Inflation-Linked Duration,U.S. inflation-protected Treasuries,0.0024120267843767973,-0.018528052321520994,0.007929508816012953,-0.0279978197175762,-0.028811728182419172,-0.026249416160672556,0.000575926281435768,True,2026-09,2026-10,0.004296411608788464,7,False,0.0,POSITIVE_NOT_SELECTED,2026-10-07,2026-10-07,COMPLETED_SESSION,False,0.0,2026-10,False,0.0,2026-10-02,2026-09-25,False,False,0.0,UNCHANGED,UNCHANGED,0,HOLD,HOLD,,0.002883993594746892,7,7,0,-0.00744549208068257,0.0228523735523376,"CONTEXT ONLY; 1m -2.6%, 3m -2.9%, 6m -2.8%. No mechanical gate.",No weekly membership exception; retain monthly authority.,104.24,104.18,0.000575926281435768,2026-10-07T22:30:00Z,,OK
5,UUP,Risky,USD / Currency,U.S. dollar bullish basket,0.06269595894542745,0.08732035636934321,0.04800608728574107,0.054849255357791504,0.023977433004231274,0.037513397642015,0.004844290657439521,True,2026-09,2026-10,0.05708350094550774,5,False,0.0,POSITIVE_NOT_SELECTED,2026-10-07,2026-10-07,COMPLETED_SESSION,False,0.0,2026-10,False,0.0,2026-10-02,2026-09-25,False,False,0.0,UNCHANGED,UNCHANGED,0,HOLD,HOLD,,0.05934818338039349,5,5,0,0.006023869849343555,0.0228523735523376,"CONTEXT ONLY; 1m +3.8%, 3m +2.4%, 6m +5.5%. No mechanical gate.",No weekly membership exception; retain monthly authority.,29.04,28.9,0.004844290657439521,2026-10-07T22:30:00Z,,OK
,SGOV,Reserve,Reserve,0-3 Month U.S. Treasury reserve,0.059765780982037775,0.037662011515273264,0.03466273999414149,0.018349781647387875,0.009041841949487317,0.0028987914662401693,9.954210631102356e-05,,2026-09,2026-10,,,False,0.0,RESERVE_UNUSED,2026-10-07,2026-10-07,COMPLETED_SESSION,False,0.0,2026-10,False,0.0,2026-10-02,2026-09-25,False,False,0.0,RESERVE_CONTEXT,UNCHANGED,0,HOLD,HOLD,,,,,,,0.0228523735523376,"CONTEXT ONLY; 1m +0.3%, 3m +0.9%, 6m +1.8%. No mechanical gate.",SGOV fills vacancies only; reserve-weight changes cannot trigger an exception.,100.47,100.46,9.954210631102356e-05,2026-10-07T23:40:50Z,,OK
